{"song":{"sectionLengths":[],"player1":"bf","notes":[{"mustHitSection":true,"typeOfSection":0,"lengthinSteps":16,"bpm":240,"changeBPM":false,"sectionNotes":[[4000.000244,0,249.999756],[4250,1,0],[4375,2,0],[4499.999512,1,0],[4625,3,375],[5000,0,250],[5250,1,0],[5375.000488,2,0],[5500.000488,1,0],[5625.000488,2,0],[5750,3,250],[6000,0,250],[6250,1,0],[6375.000488,2,0],[6500,1,0],[6625.000488,3,374.999512],[7000.000488,2,249.999512],[7250.000488,1,249.999512],[7500.000488,0,250],[7750.000488,1,249.999512],[8000,0,500.000977],[11999.999023,0,250.000977],[12250.000977,1,0],[12375.000977,2,0],[12500.000977,1,0],[12625.000977,3,0],[12750,2,250],[13000,0,250],[13250,2,0],[13375,1,0],[13500,3,0],[13625,1,0],[13750,2,249.999023],[14000,0,250.000977],[14250,1,0],[14375.000977,2,0],[14499.999023,1,0],[14624.999023,3,375.000977],[15000,2,250],[15250.441406,1,249.55957],[15500.000977,0,250],[15750.000977,1,250],[16000.000977,0,499.999023],[20000,0,187.5],[20187.5,1,0],[20250,2,0],[20312.5,1,0],[20375,2,0],[20437.5,0,0],[20500,3,250],[20750,2,249.998047],[20999.998047,0,187.5],[21187.5,1,0],[21250,2,0],[21312.5,3,0],[21375,1,0],[21437.5,2,0],[21499.998047,3,250],[21749.998047,1,250],[22000,0,187.5],[22187.5,1,0],[22250,2,0],[22312.5,1,0],[22375.001953,2,0],[22500,3,0],[22624.998047,2,0],[22750,3,249.998047],[23000,2,250],[23250.001953,1,249.998047],[23500.253906,0,249.748047],[23750,1,250],[24000,0,250],[24250,1,0],[24374.998047,2,0],[24499.998047,1,0],[24625,3,375],[25000,0,250],[25249.998047,1,0],[25374.998047,2,0],[25500,1,0],[25625,2,0],[25750.001953,3,249.996094],[25999.998047,0,250],[26249.998047,1,0],[26375,2,0],[26500,1,0],[26624.998047,3,375.003906],[27000.001953,2,249.998047],[27250,1,249.998047],[27500,0,249.998047],[27749.998047,1,250.001953],[28000,0,250],[28250,1,0],[28375,2,0],[28500,1,0],[28625,3,375],[29000,0,250],[29250.001953,1,0],[29375.001953,2,0],[29500.001953,1,0],[29625.001953,2,0],[29750,3,249.998047],[29999.998047,0,250],[30249.998047,1,0],[30375,2,0],[30499.998047,1,0],[30625,3,375],[31000.539063,2,249.458984],[31249.998047,1,250],[31499.998047,0,250],[31749.998047,1,250],[31999.998047,0,2000.001953],[0,4,250.000046],[250,5,0],[375.000031,6,0],[499.999969,5,0],[625,7,374.999939],[999.999939,4,250.000061],[1249.999878,5,0],[1374.999878,6,0],[1499.999878,5,0],[1625,6,0],[1749.999756,7,250.000122],[1999.999878,4,250.000122],[2250,5,0],[2374.999756,6,0],[2500,5,0],[2625,7,375],[2999.999756,6,250.000244],[3250,5,249.999756],[3499.999756,4,250.000244],[3750,5,250],[3999.999756,4,500.000244],[8000,4,250],[8250,5,0],[8375,6,0],[8500,5,0],[8625,7,0],[8750,6,250],[9000,4,250],[9250,6,0],[9374.999023,5,0],[9500,7,0],[9624.999023,5,0],[9750,6,250],[9999.999023,4,250],[10250,5,0],[10374.999023,6,0],[10500,5,0],[10625,7,375],[11000,6,250],[11250.000977,5,250],[11500,4,250],[11750.000977,5,250],[12000.000977,4,499.999023],[16000.000977,4,187.498047],[16187.500977,5,0],[16250,6,0],[16312.500977,7,0],[16375.000977,5,0],[16437.5,6,0],[16500,7,250.001953],[16750,6,249.998047],[16999.998047,4,187.501953],[17187.501953,5,0],[17250,6,0],[17312.5,7,0],[17374.998047,5,0],[17437.5,6,0],[17500,7,250.001953],[17750,5,249.998047],[17999.998047,4,187.5],[18187.5,5,0],[18250,6,0],[18312.5,5,0],[18375,6,0],[18500,7,0],[18625,6,0],[18749.998047,7,250.001953],[19000.001953,6,249.998047],[19250,5,250],[19500,4,249.998047],[19749.998047,5,250.001953],[19999.998047,4,500.001953],[24000.001953,4,249.998047],[24250,5,0],[24375,6,0],[24500,5,0],[24625,7,375],[25000,4,250.001953],[25250.001953,5,0],[25375,6,0],[25500,5,0],[25625.001953,6,0],[25750,7,250],[25999.998047,4,250.001953],[26250,5,0],[26375,6,0],[26500,5,0],[26624.998047,7,375.003906],[27000,6,250],[27250.001953,5,249.998047],[27499.998047,4,250.001953],[27749.998047,5,250],[27999.998047,4,250.001953],[28250,5,0],[28375,6,0],[28500,5,0],[28625,7,375],[28999.998047,4,250],[29250,5,0],[29375.001953,6,0],[29498.763672,5,0],[29624.998047,6,0],[29750,7,250],[30000,4,249.998047],[30249.998047,5,0],[30375,6,0],[30500.628906,5,0],[30625,7,375],[31000,6,250],[31250,5,249.998047],[31500,4,249.998047],[31749.998047,5,250],[31999.998047,4,2000.001953]]}],"player2":"whittyCrazy","song":"Ballistic-Old","stage":"ballisticAlley","gfVersion":"whitty","validScore":true,"sections":0,"needsVoices":true,"speed":2.6,"bpm":210}}