{"song":{"song":"Zappity","notes":[{"mustHitSection":true,"typeOfSection":0,"lengthinSteps":16,"bpm":240,"changeBPM":false,"sectionNotes":[[4000,0,250.000031],[4250.000015,2,0],[4375,1,0],[4500,2,0],[4625,3,375],[5000.000061,0,249.999939],[5250,1,0],[5375,2,0],[5500,3,0],[5625,2,0],[5750.000122,3,249.999878],[6000.000122,0,249.999878],[6250,1,0],[6375,2,0],[6500,1,0],[6625,3,375],[7000,2,250.000244],[7250.000244,1,250],[7500.000244,0,250],[7750.000244,1,187.5],[8000.000244,0,499.999756],[12000,0,250.000488],[12250.000488,1,0],[12375.000488,2,0],[12500.000488,1,0],[12625.000488,2,0],[12750.000488,3,250],[13000.000488,0,250],[13250.000488,2,0],[13375.000488,1,0],[13500.000488,3,0],[13625.000488,2,0],[13750.000488,1,250],[14000.000488,0,250],[14250.000488,1,0],[14375.000488,2,0],[14499.999512,1,0],[14625.000488,3,375],[14999.999512,2,250.000977],[15250.000488,1,250],[15500.000488,0,187.499023],[15750.000488,1,250],[16000.000488,0,499.999023],[20000.001953,0,187.5],[20187.500977,1,0],[20250.000977,2,0],[20312.500977,0,0],[20375.001953,1,0],[20437.500977,2,0],[20500.000977,3,250],[20750.000977,2,250],[21000.000977,0,187.5],[21187.500977,1,0],[21250.000977,2,0],[21312.500977,1,0],[21375.000977,2,0],[21437.500977,3,0],[21500.000977,2,250],[21750.00293,1,249.998047],[22000.000977,0,187.5],[22187.500977,2,0],[22250.000977,3,0],[22312.499023,1,0],[22375.000977,2,0],[22500.000977,3,0],[22625.000977,1,0],[22749.999023,3,250.003906],[23000.000977,2,250],[23250.000977,1,250],[23500.00293,0,249.998047],[23750.000977,1,250],[24000,0,250.000031],[24250.000015,2,0],[24375,1,0],[24500,2,0],[24625,3,375],[25000.000061,0,249.999939],[25250,1,0],[25375,2,0],[25500,3,0],[25625,2,0],[25750.000122,3,249.999878],[26000.000122,0,249.999878],[26250,1,0],[26375,2,0],[26500,1,0],[26625,3,375],[27000,2,250.000244],[27250.000244,1,250],[27500.000244,0,250],[27750.000244,1,187.5],[28000,0,250.000031],[28250.000015,2,0],[28375,1,0],[28500,2,0],[28625,3,375],[29000.000061,0,249.999939],[29250,1,0],[29375,2,0],[29500,3,0],[29625,2,0],[29750.000122,3,249.999878],[30000.000122,0,249.999878],[30250,1,0],[30375,2,0],[30500,1,0],[30625,3,375],[31000,2,250.000244],[31250.000244,1,250],[31500.000244,0,250],[31750.000244,1,187.5],[32000.000244,0,1999.999756],[34000,1,1000],[35000,2,500],[35500,0,500],[36000,1,500],[36500,0,500],[37000,2,500],[37500,3,500],[38000,1,500.003906],[38500,2,500],[39000,0,500],[39500,1,250.003906],[39750,0,250],[40000,2,250],[40250,3,250],[40500,1,250],[40750.003906,2,249.996094],[41000,0,250],[41250,1,250],[41500,0,250],[41750,1,0],[41875,2,0],[42000,0,0],[42125,1,0],[42250.003906,0,0],[42375.003906,2,0],[42500,3,0],[42625,1,0],[42750,2,0],[42875,0,0],[43000,1,0],[43125,3,0],[43250,2,0],[43375,0,0],[43500,1,0],[43625.003906,0,0],[43750,2,0],[43875,3,0],[46000,0,0],[46125.003906,1,0],[46249.996094,0,0],[46375,2,0],[46500,3,0],[46625,2,0],[46750.003906,3,0],[46875,2,0],[47000,0,0],[47125.003906,1,0],[47249.996094,0,0],[47375,2,0],[47500,3,0],[47625,2,0],[47750.003906,3,0],[47875,2,0],[50000,1,0],[50125,2,0],[50249.996094,3,0],[50374.996094,1,0],[50499.996094,2,0],[50625.003906,1,0],[50750,3,0],[50875,2,0],[51000,0,0],[51124.996094,1,0],[51249.996094,3,0],[51375,2,0],[51500,3,0],[51625,1,0],[51750,2,0],[51874.996094,0,0],[54000,0,0],[54124.996094,1,0],[54249.996094,0,0],[54374.996094,2,0],[54500,1,0],[54624.996094,0,0],[54749.996094,2,0],[54875,1,0],[54999.996094,2,0],[55124.996094,0,0],[55249.996094,2,0],[55375,1,0],[55499.996094,3,0],[55624.996094,1,0],[55749.996094,2,0],[55875,3,0],[58000,0,0],[58249.996094,1,0],[58375,2,0],[58500,0,0],[58750,1,0],[58875,2,0],[59000.003906,0,0],[59250,0,0],[59374.996094,1,0],[59500,3,0],[59625,2,0],[59750,1,0],[59875,2,0],[60000.003906,0,0],[60250,1,0],[60375.003906,2,0],[60500.003906,0,0],[60750.003906,1,0],[60875.003906,2,0],[61000.007813,0,0],[61250.003906,0,0],[61375,1,0],[61500.003906,3,0],[61625.003906,2,0],[61750.003906,1,0],[61875.003906,2,0],[64000,0,0],[64250.003906,3,0],[64375.003906,2,0],[64500.003906,0,0],[64750.003906,3,0],[64875.003906,2,0],[65000.003906,0,0],[65250.003906,0,0],[65375.007813,2,0],[65500.003906,3,0],[65625.007813,2,0],[65750.003906,1,0],[65875.003906,3,0],[68000,0,0],[68125.003906,1,0],[68249.996094,0,0],[68375,2,0],[68500,3,0],[68625,2,0],[68750.003906,3,0],[68875,2,0],[69000,0,0],[69125.003906,1,0],[69249.996094,0,0],[69375,2,0],[69500,3,0],[69625,2,0],[69750.003906,3,0],[69875,2,0],[70000,1,0],[70125,2,0],[70249.996094,3,0],[70374.996094,1,0],[70499.996094,2,0],[70625.003906,1,0],[70750,3,0],[70875,2,0],[71000,0,0],[71124.996094,1,0],[71249.996094,3,0],[71375,2,0],[71500,3,0],[71625,1,0],[71750,2,0],[71874.996094,0,0],[72000,1,0],[72125,2,0],[72249.996094,3,0],[72374.996094,1,0],[72499.996094,2,0],[72625.003906,1,0],[72750,3,0],[72875,2,0],[73000,0,0],[73124.996094,1,0],[73249.996094,3,0],[73375,2,0],[73500,3,0],[73625,1,0],[73750,2,0],[73874.996094,0,0],[74000,0,0],[74124.996094,1,0],[74249.996094,0,0],[74374.996094,2,0],[74500,1,0],[74624.996094,0,0],[74749.996094,2,0],[74875,1,0],[74999.996094,2,0],[75124.996094,0,0],[75249.996094,2,0],[75375,1,0],[75499.996094,3,0],[75624.996094,1,0],[75749.996094,2,0],[75875,3,0],[75999.992188,0,0],[76124.988281,1,0],[76249.988281,0,0],[76374.988281,2,0],[76499.992188,1,0],[76624.988281,0,0],[76749.988281,2,0],[76874.992188,1,0],[76999.988281,2,0],[77124.988281,0,0],[77249.988281,2,0],[77374.992188,1,0],[77499.988281,3,0],[77624.988281,1,0],[77749.988281,2,0],[77874.992188,3,0],[78000,0,0],[78249.996094,1,0],[78375,2,0],[78500,0,0],[78750,1,0],[78875,2,0],[79000.003906,0,0],[79250,0,0],[79374.996094,1,0],[79500,3,0],[79625,2,0],[79750,1,0],[79875,2,0],[80000,0,0],[80250.003906,3,0],[80375.003906,2,0],[80500.003906,0,0],[80750.003906,3,0],[80875.003906,2,0],[81000.003906,0,0],[81250.003906,0,0],[81375.007813,2,0],[81500.003906,3,0],[81625.007813,2,0],[81750.003906,1,0],[81875.003906,3,0],[82000,0,999.992188],[83000.007813,1,0],[83062.5,2,0],[83125,0,0],[83187.5,1,0],[83250,0,0],[83312.5,2,0],[83375.007813,3,0],[83437.5,1,0],[83500,2,0],[83562.5,1,0],[83625.007813,0,2499.992188],[0,4,250.000031],[250.000015,6,0],[375,5,0],[500,6,0],[625,7,375],[1000.000061,4,249.999939],[1250,5,0],[1375,6,0],[1500,7,0],[1625,6,0],[1750.000122,7,249.999878],[2000.000122,4,249.999878],[2250,5,0],[2375,6,0],[2500,5,0],[2625,7,375],[3000,6,250.000244],[3250.000244,5,250],[3500.000244,4,250],[3750.000244,5,187.5],[4000.000244,4,499.999756],[7999.999512,4,250.000488],[8250,5,0],[8375,6,0],[8500,5,0],[8625,6,0],[8750,7,250],[9000,4,250],[9250,6,0],[9375,5,0],[9500,7,0],[9625,6,0],[9750,5,250],[10000,4,250],[10250,5,0],[10375,6,0],[10499.999023,5,0],[10625,7,375],[10999.999023,6,250.000977],[11250,5,250],[11500,4,187.499023],[11750,5,250],[12000,4,499.999023],[16000.000977,4,187.5],[16187.5,5,0],[16250,6,0],[16312.5,4,0],[16375.000977,5,0],[16437.5,6,0],[16500,7,250],[16750,6,250],[17000,4,187.5],[17187.5,5,0],[17250,6,0],[17312.5,5,0],[17375,6,0],[17437.5,7,0],[17500,6,250],[17750.001953,5,249.998047],[18000,4,187.5],[18187.5,6,0],[18250,7,0],[18312.498047,5,0],[18375,6,0],[18500,7,0],[18625,5,0],[18749.998047,7,250.003906],[19000,6,250],[19250,5,250],[19500.001953,4,249.998047],[19750,5,250],[20000,4,500],[24000,4,250.000031],[24250.000015,6,0],[24375,5,0],[24500,6,0],[24625,7,375],[25000.000061,4,249.999939],[25250,5,0],[25375,6,0],[25500,7,0],[25625,6,0],[25750.000122,7,249.999878],[26000.000122,4,249.999878],[26250,5,0],[26375,6,0],[26500,5,0],[26625,7,375],[27000,6,250.000244],[27250.000244,5,250],[27500.000244,4,250],[27750.000244,5,187.5],[28000,4,250.000031],[28250.000015,6,0],[28375,5,0],[28500,6,0],[28625,7,375],[29000.000061,4,249.999939],[29250,5,0],[29375,6,0],[29500,7,0],[29625,6,0],[29750.000122,7,249.999878],[30000.000122,4,249.999878],[30250,5,0],[30375,6,0],[30500,5,0],[30625,7,375],[31000,6,250.000244],[31250.000244,5,250],[31500.000244,4,250],[31750.000244,5,187.5],[32000.000244,4,1999.999756],[34000,5,1000],[35000,6,500],[35500,4,500],[36000,5,500],[36500,4,500],